{
  "deg": 1,
  "coeffs": [
    0.2997121094755101,
    0.16905068071807486
  ],
  "bic": -87.77683015589453,
  "r2": 0.0393438861215214
}